Number,Name,link,cmp,PE,MarCap,DivYld,NpQtr,QtrProfitVar,SalesQtr,QtrSalesVar,ROCE,oneYRetun
,,,,,,,,,,,,
1.,SG Mart,/company/512329/,457.20,186.87,5099.61,0.00,17.19,,748.26,47865.38,0.75,2432.96
2.,Jai Balaji Inds.,/company/JAIBALAJI/consolidated/,954.25,26.18,15540.68,0.00,234.60,740.56,1538.99,0.13,18.28,2058.94
3.,Insolation Ener,/company/543620/consolidated/,1358.25,133.97,2829.51,0.00,15.04,,278.40,,19.64,1056.45
4.,Waaree Renewab.,/company/534618/consolidated/,1551.65,152.28,16160.32,0.01,64.46,158.05,324.19,338.81,83.80,971.43
5.,Last Mile Enter.,/company/526961/,777.85,153.11,1313.70,0.03,-0.46,98.18,0.00,-100.00,32.81,789.99
6.,Cupid,/company/CUPID/,1921.50,105.56,2584.10,0.26,8.86,-11.67,40.78,-4.96,26.40,689.28
7.,GE T&D India,/company/GET&D/,845.35,244.09,21636.24,0.00,49.35,854.55,838.98,8.03,7.53,638.94
8.,Network People,/company/NPST/consolidated/,1079.90,101.97,2093.50,0.00,6.53,260.77,31.39,207.14,34.51,593.80
9.,K.P. Energy,/company/539686/,324.85,44.93,2166.42,0.05,9.21,-21.15,81.36,-24.21,51.15,565.95
10.,Piccadily Agro,/company/530305/consolidated/,300.00,59.05,2830.18,0.07,44.36,219.79,177.62,55.05,12.80,504.11
11.,Veritas (India),/company/512229/consolidated/,950.55,13.30,2548.43,0.01,95.80,282.89,1323.90,131.40,4.59,489.12
12.,Force Motors,/company/FORCEMOT/consolidated/,6929.20,31.80,9122.07,0.14,85.44,648.49,1691.69,29.74,4.73,486.08
13.,Aurionpro Sol.,/company/AURIONPRO/consolidated/,1802.95,34.86,4439.95,0.14,37.87,50.14,230.75,36.97,24.92,485.09
14.,Waaree Tech.,/company/539337/,1238.75,,1333.91,0.00,-1.99,400.00,13.50,97.44,-10.59,470.20
15.,Fischer Chemic,/company/524743/,554.85,,2968.45,0.00,-0.13,-225.00,0.00,,8.70,466.75
,,,,,,,,,,,,
16.,T R I L,/company/TRIL/consolidated/,318.55,323.82,4530.24,0.05,15.72,12.83,369.35,11.41,14.80,449.22
17.,Shilchar Tech.,/company/531201/,3842.25,35.24,2930.41,0.13,26.09,119.43,117.96,72.78,53.83,438.86
18.,KPI Green Energy,/company/KPIGREEN/consolidated/,1550.55,61.96,9343.14,0.07,50.61,46.87,330.12,84.21,24.66,438.76
19.,Master Trust,/company/511768/consolidated/,621.55,15.57,1352.07,0.00,27.74,47.95,123.63,41.99,25.46,426.51
20.,Jeena Sikho,/company/JSLL/consolidated/,790.00,59.30,1963.95,0.14,22.56,,117.80,,52.44,424.71
21.,I R F C,/company/IRFC/,135.20,29.28,176817.23,1.11,1604.23,-1.79,6741.89,8.42,5.32,406.37
22.,V2 Retail,/company/V2RETAIL/,410.20,94.12,1426.84,0.00,24.09,159.03,373.76,55.95,3.44,399.33
23.,Websol Energy,/company/WEBELSOLAR/,362.40,48.19,1527.02,0.00,-54.64,939.31,0.51,54.55,-11.25,399.17
24.,Suzlon Energy,/company/SUZLON/consolidated/,37.15,101.54,50276.84,0.00,203.04,159.38,1560.47,7.03,20.78,379.35
25.,Inox Wind Energy,/company/IWEL/consolidated/,5135.20,,6162.33,0.00,-6.52,97.01,504.22,121.99,-9.11,364.72
,,,,,,,,,,,,
26.,HBL Power System,/company/HBLPOWER/consolidated/,448.45,52.46,12432.15,0.10,78.99,252.17,599.26,80.23,13.74,361.84
27.,Inox Wind,/company/INOXWIND/consolidated/,456.10,,14885.66,0.00,1.81,100.81,503.45,122.56,-8.37,358.85
28.,Spectrum Electr.,/company/SPECTRUM/,1348.45,164.80,2104.47,0.07,7.08,,135.36,,11.35,356.95
29.,BSE,/company/BSE/consolidated/,1956.65,65.12,26488.42,0.61,106.27,123.12,426.10,78.50,13.23,354.03
30.,Anand Rathi Wea.,/company/ANANDRATHI/,3643.30,72.95,15255.98,0.33,56.92,32.68,174.89,31.51,47.91,351.02
31.,Electrost.Cast.,/company/ELECTCAST/consolidated/,148.55,14.66,8827.12,0.61,263.43,235.80,1869.38,0.95,9.99,350.15
32.,Suratwwala Busi.,/company/SBGLP/consolidated/,833.25,68.44,1450.25,0.00,6.54,-63.67,16.35,-57.03,75.99,348.59
33.,Servotech Power,/company/SERVOTECH/,81.75,124.71,1738.45,0.05,1.09,-69.64,49.65,-39.81,17.67,319.66
34.,Ircon Intl.,/company/IRCON/consolidated/,214.80,21.53,20220.95,1.40,244.70,28.76,2884.22,22.92,15.74,300.75
35.,H U D C O,/company/HUDCO/consolidated/,177.15,17.25,35453.84,2.17,519.23,104.20,2012.66,17.73,8.81,298.54
36.,Avantel,/company/532406/,101.60,46.71,2471.61,0.07,16.97,124.77,59.10,52.79,37.08,291.98
37.,Lloyds Enterpris,/company/512463/consolidated/,28.07,28.11,3570.86,0.36,74.89,721.43,324.16,454.97,6.63,291.49
38.,M R P L,/company/MRPL/,220.00,8.82,38511.76,0.45,387.06,303.22,24676.91,-7.08,20.09,291.11
39.,Authum Invest,/company/539177/consolidated/,716.10,4.47,12162.61,0.00,601.36,1259.14,691.39,458.97,,284.79
40.,SJVN,/company/SJVN/consolidated/,118.55,52.16,46606.57,1.49,138.97,-47.74,543.31,-1.57,9.27,284.28
,,,,,,,,,,,,
41.,Cochin Shipyard,/company/COCHINSHIP/,881.20,42.36,23195.92,0.96,248.02,109.46,1021.45,61.91,8.66,282.96
42.,Rail Vikas,/company/RVNL/consolidated/,245.45,35.18,51197.77,0.87,358.57,-6.24,4689.33,-6.44,17.80,279.95
43.,Schneider Elect.,/company/SCHNEIDER/,583.60,64.22,13974.81,0.00,90.97,109.03,743.87,29.51,27.64,278.35
44.,IFCI,/company/IFCI/consolidated/,37.60,,9368.23,0.00,39.32,-80.16,454.46,30.78,5.38,276.00
45.,Neuland Labs.,/company/NEULANDLAB/consolidated/,6110.50,24.76,7851.65,0.16,81.39,166.42,392.83,45.90,20.85,275.92
46.,Man Industries,/company/MANINDS/consolidated/,348.30,19.51,2085.13,0.57,30.60,-17.74,833.02,26.58,10.42,275.53
47.,Peninsula Land,/company/PENINLAND/consolidated/,46.30,15.45,1431.68,0.00,32.21,206.18,142.61,-42.68,26.11,274.90
48.,Patel Engineerin,/company/PATELENG/consolidated/,54.85,21.09,4242.53,0.00,68.83,49.20,1061.01,11.14,13.69,273.13
49.,NIBE,/company/535136/consolidated/,1244.45,169.88,1634.23,0.01,4.42,500.00,62.69,312.98,,273.09
50.,Himadri Special,/company/HSCL/consolidated/,319.80,37.99,14122.10,0.08,108.78,66.87,1052.51,1.46,13.71,272.51
,,,,,,,,,,,,
51.,Texmaco Rail,/company/TEXRAIL/,159.95,73.69,6133.34,0.09,29.37,159.91,896.44,43.46,6.63,271.54
52.,HPL Electric,/company/HPL/consolidated/,298.40,46.75,1922.46,0.34,11.95,87.74,365.57,21.21,8.85,269.76
53.,REC Ltd,/company/RECLTD/consolidated/,429.05,8.60,112991.43,2.94,3308.42,13.48,12051.77,23.21,9.14,269.39
54.,Mufin Green,/company/MUFIN/,137.25,141.32,2073.13,0.00,4.55,98.69,27.18,154.97,7.00,266.59
55.,TARC Ltd,/company/TARC/consolidated/,128.10,,3784.54,0.00,-33.49,-2656.49,9.30,-90.13,6.03,264.96
56.,Jyoti Structures,/company/JYOTISTRUC/consolidated/,24.45,86.55,1756.08,0.00,1.08,119.71,55.80,27.22,-0.20,259.56
57.,Apollo Micro Sys,/company/APOLLO/,97.65,102.11,2755.82,0.03,10.11,27.81,91.34,10.92,12.07,257.56
58.,C P C L,/company/CHENNPETRO/,868.20,4.15,12892.70,3.11,359.99,151.83,17375.90,8.23,45.54,256.26
59.,Swelect Energy,/company/SWELECTES/consolidated/,973.10,55.44,1480.05,0.12,8.22,268.07,63.54,147.91,4.41,256.19
60.,Jupiter Wagons,/company/JWL/,339.00,51.80,13952.36,0.15,83.40,79.82,895.84,39.01,24.35,256.09
61.,Titagarh Rail,/company/TITAGARH/consolidated/,845.50,44.65,11399.35,0.06,74.82,135.78,954.68,24.57,17.58,255.48
62.,Action Const.Eq.,/company/ACE/consolidated/,1281.10,55.02,15232.45,0.08,88.24,89.80,753.11,35.37,26.17,254.48
63.,Tata Inv.Corpn.,/company/TATAINVEST/consolidated/,6813.65,100.50,34517.66,0.70,53.24,54.18,50.55,34.23,1.42,252.34
64.,Quick Heal Tech,/company/QUICKHEAL/consolidated/,491.50,737.68,2626.13,0.51,10.06,208.29,81.92,22.63,0.17,249.95
65.,Gallantt Ispat L,/company/GALLANTT/,195.90,24.01,4750.07,0.00,51.98,148.59,1062.66,5.61,10.21,243.68
,,,,,,,,,,,,
66.,Vertoz Advertis.,/company/VERTOZ/consolidated/,723.85,81.04,1300.76,0.00,4.51,40.94,55.23,155.93,19.05,239.84
67.,Railtel Corpn.,/company/RAILTEL/,346.80,51.24,11133.29,0.74,62.14,94.49,668.36,47.11,16.03,239.33
68.,Prem. Explosives,/company/PREMEXPLN/,1379.20,62.31,1484.75,0.12,1.67,187.93,44.56,19.46,6.72,235.94
69.,Shakti Pumps,/company/SHAKTIPUMP/consolidated/,1373.70,46.43,2521.13,0.15,45.19,301.69,495.62,57.73,10.36,234.31
70.,The Anup Enginee,/company/ANUP/,3272.20,39.35,3231.14,0.46,20.17,45.32,128.40,12.22,18.14,230.81
71.,Dr Agarwal's Eye,/company/526783/,3090.45,30.74,1452.51,0.10,9.44,86.56,75.67,19.09,18.60,230.51
72.,Jubilant Inds.,/company/JUBLINDS/consolidated/,1276.50,30.48,1930.06,0.00,-22.98,255.56,292.51,-15.92,27.26,227.81
73.,Wockhardt,/company/WOCKPHARMA/consolidated/,551.40,,7921.31,0.00,-86.00,10.98,701.00,0.29,-0.46,226.56
74.,Shriram Pistons,/company/SHRIPISTON/consolidated/,1720.60,18.36,7579.22,0.29,107.77,43.41,765.74,20.40,24.72,224.64
75.,Tips Industries,/company/TIPSINDLTD/,482.25,51.78,6199.30,1.24,34.65,71.62,64.83,27.17,88.63,224.31
,,,,,,,,,,,,
76.,PTC Industries,/company/PTCIL/consolidated/,7716.25,285.11,10463.39,0.00,8.08,32.68,55.45,-2.62,12.18,221.58
77.,MSTC,/company/MSTCLTD/consolidated/,823.95,24.92,5802.33,1.82,49.97,6.23,184.98,9.53,37.92,220.48
78.,Newgen Software,/company/NEWGEN/,711.20,46.88,9961.13,0.35,65.29,42.59,298.88,27.24,23.95,220.22
79.,NBCC,/company/NBCC/,109.35,48.52,19691.83,0.49,93.67,36.62,1918.61,20.92,26.40,219.74
80.,Ashapura Minech.,/company/ASHAPURMIN/consolidated/,318.80,13.29,2920.93,0.00,54.19,-5.68,713.10,33.27,16.32,216.58
81.,Volt.Transform.,/company/VOLTAMP/,8201.85,28.57,8297.76,0.49,94.61,86.39,408.48,14.27,25.07,215.01
82.,Arvind Ltd,/company/ARVIND/consolidated/,259.95,21.20,6804.85,1.44,94.32,15.69,1888.24,-4.62,12.60,213.57
83.,JBM Auto,/company/JBMA/consolidated/,1896.80,148.43,22435.09,0.07,52.06,41.74,1346.17,41.25,11.75,210.80
84.,Garware Hi Tech,/company/GRWRHITECH/consolidated/,1678.35,20.76,3913.91,0.60,55.88,83.82,453.62,39.85,11.86,210.49
85.,Kalyan Jewellers,/company/KALYANKJIL/consolidated/,366.80,68.63,37777.28,0.14,180.37,21.51,5223.08,34.47,12.69,209.54
86.,F A C T,/company/FACT/,639.95,94.90,41380.34,0.16,30.32,-81.71,1097.33,-36.27,30.34,204.38
87.,Power Fin.Corpn.,/company/PFC/consolidated/,362.55,6.36,119693.08,3.03,6294.44,22.46,23571.83,20.02,9.08,200.42
88.,Valor Estate,/company/DBREALTY/consolidated/,204.35,8.51,10284.79,0.00,462.64,176.93,142.80,-77.07,-11.66,199.19
89.,Talbros Auto.,/company/TALBROAUTO/consolidated/,245.30,19.67,1516.27,0.24,22.75,65.57,198.74,25.36,19.21,198.75
90.,Tata Motors-DVR,/company/TATAMTRDVR/,630.65,,32086.18,0.33,1251.40,372.94,7769.67,-26.91,,198.32
,,,,,,,,,,,,
91.,Sanghvi Movers,/company/SANGHVIMOV/,1022.60,25.37,4418.23,0.39,61.28,76.35,167.04,36.38,15.25,197.44
92.,Zomato Ltd,/company/ZOMATO/consolidated/,157.95,,139352.52,0.00,138.00,139.82,3288.00,68.77,-5.79,194.96
93.,B H E L,/company/BHEL/consolidated/,218.80,,76221.53,0.18,-148.77,-451.87,5503.81,4.57,3.33,194.68
94.,Trent,/company/TRENT/consolidated/,3955.65,173.15,140663.31,0.06,370.64,139.42,3466.62,50.50,11.50,194.22
95.,Zen Technologies,/company/ZENTEC/,900.95,66.80,7575.34,0.02,31.67,414.12,98.08,197.84,17.28,193.42
96.,Electronics Mart,/company/EMIL/consolidated/,193.05,41.58,7463.70,0.00,45.77,109.00,1788.71,20.72,12.00,192.06
97.,Gensol Engineer.,/company/GENSOL/,839.25,58.71,3175.30,0.00,17.54,1739.25,201.04,337.52,12.38,190.93
98.,ITD Cem,/company/ITDCEM/consolidated/,297.20,23.00,5103.86,0.25,78.60,114.65,2017.16,52.01,18.82,189.39
99.,Centum Electron,/company/CENTUM/consolidated/,1623.75,69.85,2090.53,0.25,7.25,174.97,298.19,51.27,7.65,188.21
100.,Refex Industries,/company/REFEX/,676.75,12.94,1498.52,0.30,19.78,-24.15,301.51,-20.74,48.04,186.52
,,,,,,,,,,,,
101.,JK Tyre & Indust,/company/JKTYRE/consolidated/,411.00,14.89,10729.47,0.49,227.07,201.79,3687.72,2.07,11.13,185.02
102.,Mazagon Dock,/company/MAZDOCK/,1867.75,24.96,37669.64,0.85,591.54,75.40,2362.47,30.10,38.25,184.24
103.,Magellanic Cloud,/company/538891/consolidated/,458.25,65.70,5355.98,0.03,22.56,30.03,131.38,-1.04,31.16,183.99
104.,Strides Pharma,/company/STAR/consolidated/,768.95,,7077.26,0.20,54.06,115.72,1037.67,19.98,-0.23,183.01
105.,Inox Green,/company/INOXGREEN/consolidated/,117.10,575.95,3436.72,0.00,-1.35,-91.02,59.96,-16.27,0.79,182.51
106.,ITI,/company/ITI/,251.75,,24190.33,0.00,-101.69,-16.35,258.84,0.97,-3.60,182.07
107.,Prakash Industri,/company/PRAKASH/,142.80,8.06,2557.28,0.00,80.56,77.95,885.07,16.34,7.87,179.45
108.,Guj. Themis Bio.,/company/506879/,370.15,48.92,2688.90,0.29,13.01,32.62,38.86,37.95,61.14,178.85
109.,Jindal Saw,/company/JINDALSAW/consolidated/,409.75,9.31,13084.67,0.73,511.68,257.24,5655.79,9.65,11.04,178.46
110.,Kesoram Inds.,/company/KESORAMIND/consolidated/,159.65,,4949.40,0.00,-48.86,-139.06,960.65,-2.58,9.86,177.65
111.,Kaynes Tech,/company/KAYNES/consolidated/,2613.05,116.47,16705.65,0.00,45.19,97.60,509.29,76.17,21.54,177.42
112.,Olectra Greentec,/company/OLECTRA/consolidated/,1709.65,155.59,14024.75,0.02,27.12,87.69,342.14,33.42,13.29,176.64
113.,J & K Bank,/company/J&KBANK/consolidated/,131.90,9.02,14519.08,0.38,422.77,37.64,2881.20,18.04,4.92,176.23
114.,eMudhra,/company/EMUDHRA/consolidated/,602.85,71.53,4989.81,0.21,20.01,31.56,97.38,59.01,23.96,172.84
115.,Kalyani Steels,/company/KSL/,839.00,14.40,3666.17,1.19,65.33,67.17,479.76,7.44,13.29,172.76
,,,,,,,,,,,,
116.,Black Box,/company/BBOX/consolidated/,233.80,23.70,3931.85,0.00,40.87,271.70,1655.47,-0.97,20.34,172.65
117.,Adani Power,/company/ADANIPOWER/consolidated/,518.20,8.56,199809.96,0.00,2737.96,31119.61,12991.44,67.32,15.80,172.45
118.,SMS Pharma.,/company/SMSPHARMA/,179.45,36.44,1514.62,0.17,12.17,141.95,161.48,8.52,3.66,172.31
119.,Indo Count Inds.,/company/ICIL/consolidated/,319.90,18.63,6347.55,0.63,58.06,53.96,713.42,8.54,15.07,171.91
120.,Pearl Global Ind,/company/PGIL/consolidated/,559.35,15.69,2449.65,1.56,33.82,-3.31,703.98,-1.82,19.24,171.60
121.,DCM Shriram Inds,/company/DCMSRIND/consolidated/,177.40,14.23,1540.19,0.56,29.05,156.63,468.30,-18.46,10.05,169.81
122.,Kirl. Brothers,/company/KIRLOSBROS/consolidated/,1005.25,27.38,7976.73,0.45,82.40,-12.22,964.80,0.76,21.71,169.79
123.,Hindustan Copper,/company/HINDCOPPER/,260.55,83.59,25346.43,0.35,63.00,-21.45,399.29,-28.32,18.04,167.92
124.,Man Infra,/company/MANINFRA/consolidated/,197.05,23.45,7321.21,0.82,86.51,-2.05,241.76,-47.08,31.99,167.91
125.,Hercules Hoists,/company/HERCULES/,526.60,55.90,1679.87,0.38,10.38,17.16,39.94,11.85,4.57,167.79
,,,,,,,,,,,,
126.,Time Technoplast,/company/TIMETECHNO/consolidated/,193.85,15.61,4395.73,0.64,93.11,49.55,1324.65,17.37,13.08,165.55
127.,D.P. Abhushan,/company/DPABHUSHAN/,825.70,36.65,1837.59,0.12,16.71,-14.57,765.46,13.94,23.98,164.44
128.,NLC India,/company/NLCINDIA/consolidated/,207.40,11.18,28779.21,1.69,254.10,163.69,3164.40,-13.99,13.47,164.37
129.,Birlasoft Ltd,/company/BSOFT/consolidated/,720.95,35.79,19893.71,0.49,161.06,1084.47,1342.95,9.91,17.18,164.08
130.,Ksolves India,/company/KSOLVES/,1177.55,44.09,1403.36,2.00,8.84,44.21,28.15,38.81,171.27,163.49
131.,Apar Inds.,/company/APARINDS/consolidated/,6046.45,29.27,24342.57,0.66,217.57,28.06,4013.16,1.88,51.14,163.47
132.,Genus Power,/company/GENUSPOWER/consolidated/,224.40,113.51,5792.21,0.33,-9.92,-145.53,258.28,28.88,5.77,163.07
133.,Banco Products,/company/BANCOINDIA/consolidated/,587.60,16.54,4204.89,3.74,68.32,-30.45,570.64,12.09,25.83,162.50
134.,SML ISUZU,/company/SMLISUZU/,1785.95,31.36,2582.80,0.00,2.68,2161.54,386.13,17.81,9.39,162.37
135.,Pitti Engg.,/company/PITTIENG/,703.70,30.24,2258.02,0.38,13.32,9.81,293.64,23.40,18.19,162.09
136.,Motil.Oswal.Fin.,/company/MOTILALOFS/consolidated/,1497.80,11.86,22333.57,0.93,661.24,191.40,1784.31,65.90,12.94,161.28
137.,Responsive Ind,/company/RESPONIND/consolidated/,300.85,58.49,7976.98,0.03,44.71,165.81,267.27,1.27,4.51,159.35
138.,D B Corp,/company/DBCORP/consolidated/,253.30,13.18,4533.45,2.37,123.98,156.79,644.71,13.94,11.82,158.87
139.,Swan Energy,/company/SWANENERGY/consolidated/,580.20,65.51,18159.35,0.02,219.99,833.18,1591.68,1474.36,2.19,158.56
140.,GMR Urban,/company/GMRP&UI/consolidated/,44.05,,2657.11,0.00,43.16,5.00,1102.79,-23.81,19.00,158.36
,,,,,,,,,,,,
141.,Intellect Design,/company/INTELLECT/consolidated/,1052.65,42.48,14395.30,0.24,84.88,35.92,634.35,15.99,18.80,158.22
142.,Parag Milk Foods,/company/PARAGMILK/consolidated/,194.75,22.09,2278.35,0.00,34.17,269.01,800.84,8.83,8.72,157.78
143.,DDev Plastiks,/company/543547/,182.20,11.19,1885.34,0.55,40.07,75.90,553.54,-15.45,32.38,156.95
144.,Welspun Corp,/company/WELCORP/consolidated/,500.85,12.18,13123.39,1.00,293.70,1156.93,4749.71,97.71,6.42,156.71
145.,Oracle Fin.Serv.,/company/OFSS/consolidated/,8274.75,33.55,71749.88,2.72,740.81,69.39,1823.62,25.83,35.11,156.29
146.,Monarch Networth,/company/MONARCH/consolidated/,521.00,18.09,1757.48,0.19,38.56,175.23,75.81,59.50,31.19,155.89
147.,Skipper,/company/SKIPPER/,239.65,36.15,2589.93,0.04,17.78,150.07,801.58,80.19,11.87,155.79
148.,Arvind SmartSp.,/company/ARVSMART/consolidated/,578.90,74.28,2628.16,0.29,11.65,121.18,84.30,60.17,9.21,155.42
149.,Dynamatic Tech.,/company/DYNAMATECH/consolidated/,6652.10,67.65,4494.49,0.15,11.24,60.11,345.51,10.31,10.39,155.07
150.,Anant Raj,/company/ANANTRAJ/consolidated/,289.05,42.73,9831.36,0.17,71.43,58.17,392.27,47.59,5.77,154.56
,,,,,,,,,,,,
151.,Jindal Drilling,/company/JINDRILL/,625.30,18.12,1815.87,0.08,31.12,21.85,183.06,32.42,13.10,154.29
152.,I O B,/company/IOB/,57.75,43.69,109124.44,0.00,722.58,30.15,6175.51,22.15,4.53,152.74
153.,G M D C,/company/GMDCLTD/consolidated/,342.70,12.63,10890.10,3.34,116.83,-56.10,564.27,-34.04,31.31,152.54
154.,Global Health,/company/MEDANTA/consolidated/,1210.35,71.91,32487.09,0.00,123.54,53.26,832.60,19.92,17.09,152.47
155.,Thomas Cook (I),/company/THOMASCOOK/consolidated/,147.20,35.80,6922.21,0.27,90.53,344.63,1893.10,23.22,5.23,151.84
156.,Salasar Techno,/company/SALASAR/consolidated/,21.45,66.29,3387.45,0.09,16.76,56.78,303.88,26.20,14.30,150.88
157.,Macrotech Devel.,/company/LODHA/consolidated/,1081.40,61.95,105891.46,0.09,505.20,44.50,2930.60,65.22,8.76,150.85
158.,Orchid Pharma,/company/ORCHPHARMA/consolidated/,984.10,58.83,5019.85,0.00,29.43,287.75,220.59,38.08,4.97,150.79
159.,Bharat Wire,/company/BHARATWIRE/,274.00,20.60,1864.35,0.00,26.37,39.60,157.20,8.95,16.25,150.46
160.,Ethos Ltd,/company/ETHOSLTD/,2516.55,81.72,6157.13,0.00,25.84,25.62,281.20,22.43,17.43,149.97
161.,Shaily Engineer.,/company/SHAILY/consolidated/,484.05,46.42,2222.67,0.00,14.52,156.08,158.44,16.28,11.37,149.83
162.,Infibeam Avenues,/company/INFIBEAM/consolidated/,36.30,69.39,10071.89,0.14,40.80,15.32,911.96,119.91,5.53,148.63
163.,General Insuranc,/company/GICRE/,326.55,8.93,57341.42,2.20,1517.96,26.60,10851.30,-3.53,20.59,148.42
164.,Mangalam Cement,/company/MANGLMCEM/,635.75,29.99,1740.35,0.24,15.95,2909.43,439.43,2.38,7.79,148.34
165.,Mah. Seamless,/company/MAHSEAMLES/consolidated/,853.80,10.36,11430.38,0.59,276.16,72.93,1431.13,6.92,19.82,148.27
,,,,,,,,,,,,
166.,Punjab Natl.Bank,/company/PNB/consolidated/,116.55,16.81,128279.94,0.56,2441.23,243.48,27851.71,22.11,4.10,147.98
167.,EIH,/company/EIHOTEL/consolidated/,398.55,45.44,24890.10,0.28,229.94,61.63,741.26,26.41,15.61,146.86
168.,J Kumar Infra,/company/JKIL/,588.00,14.70,4451.36,0.60,82.64,16.26,1218.73,14.72,17.36,145.67
169.,Lloyds Engineeri,/company/LLOYDSENGG/,45.30,79.71,5191.83,0.22,27.08,111.89,201.44,244.87,29.20,145.26
170.,Ajmera Realty,/company/AJMERA/consolidated/,681.90,27.37,2418.00,0.44,29.95,181.48,206.77,161.50,7.48,145.02
171.,Welspun Enterp,/company/WELENT/consolidated/,307.25,12.12,4252.77,0.33,79.92,54.68,706.71,2.07,9.99,144.33
172.,Bombay Dyeing,/company/BOMDYEING/,149.80,,3096.91,0.00,3053.92,27.19,369.22,-43.37,1.04,144.17
173.,Lupin,/company/LUPIN/consolidated/,1570.20,39.97,71589.09,0.25,618.70,299.50,5197.41,20.25,5.73,142.91
174.,Artemis Medicare,/company/ARTEMISMED/,162.95,48.74,2223.42,0.28,11.51,6.67,210.26,15.91,11.45,142.30
175.,Tour. Fin. Corp.,/company/TFCILTD/,167.10,15.72,1502.86,1.44,27.59,50.11,67.27,31.90,9.46,141.82
,,,,,,,,,,,,
176.,PTC India Fin,/company/PFS/,33.10,11.54,2115.87,3.02,50.37,39.22,204.32,5.15,7.84,141.61
177.,Puravankara,/company/PURVA/consolidated/,185.00,58.16,4384.82,3.41,77.79,245.27,573.70,46.18,7.30,141.36
178.,Prestige Estates,/company/PRESTIGE/consolidated/,992.60,23.52,39829.15,0.15,164.70,-9.00,1795.80,-22.49,10.31,140.66
179.,Central Bank,/company/CENTRALBK/consolidated/,57.20,20.35,49705.96,0.00,737.88,55.12,7841.91,16.24,4.29,140.34
180.,Paisalo Digital,/company/PAISALO/consolidated/,134.00,36.18,5999.02,0.04,56.46,102.44,182.59,49.33,11.38,140.14
181.,Engineers India,/company/ENGINERSIN/consolidated/,180.00,19.48,10127.70,1.67,63.35,292.99,867.64,3.02,23.69,139.68
182.,IFGL Refractori.,/company/IFGLEXPOR/consolidated/,513.15,18.81,1853.51,1.36,1.52,-90.37,366.18,15.89,10.11,139.34
183.,Dixon Technolog.,/company/DIXON/consolidated/,6946.65,118.01,41488.91,0.04,97.07,85.85,4818.25,100.37,24.18,138.49
184.,Torrent Power,/company/TORNTPOWER/consolidated/,1264.00,32.83,60811.27,1.03,374.13,-47.44,6366.09,-1.19,18.30,138.47
185.,Bank of Maha,/company/MAHABANK/consolidated/,58.65,11.29,41560.53,2.22,1038.40,33.67,5171.50,25.20,4.44,138.41
186.,John Cockerill,/company/500147/,3434.95,53.99,1696.87,0.15,10.32,-9.31,253.90,20.35,11.08,137.94
187.,Sobha,/company/SOBHA/consolidated/,1256.50,131.54,11925.80,0.24,15.08,-52.59,684.93,-21.11,8.32,137.03
188.,KDDL Ltd,/company/KDDL/consolidated/,2470.75,33.28,3104.12,2.35,37.11,13.36,372.20,18.99,18.14,137.01
189.,Ramkrishna Forg.,/company/RKFORGE/consolidated/,637.95,36.54,11549.20,0.31,86.86,42.30,1057.79,36.05,18.53,136.80
190.,Union Bank (I),/company/UNIONBANK/consolidated/,149.15,8.57,113818.10,2.01,3625.39,60.16,25520.92,21.72,5.02,134.88
,,,,,,,,,,,,
191.,Sigachi Indust.,/company/SIGACHI/consolidated/,57.45,37.60,1858.37,0.17,16.10,63.95,110.95,61.15,19.60,134.68
192.,Venus Pipes,/company/VENUSPIPES/,1703.05,46.56,3463.43,0.06,23.28,106.38,207.13,52.18,22.94,134.53
193.,63 Moons Tech.,/company/63MOONS/consolidated/,389.20,9.06,1787.62,0.51,89.41,355.71,160.73,72.38,1.99,133.19
194.,Tata Motors,/company/TATAMOTORS/consolidated/,957.75,17.40,350604.58,0.21,7145.43,139.98,110577.14,24.96,5.95,133.17
195.,Astra Microwave,/company/ASTRAMICRO/consolidated/,550.80,65.30,5235.66,0.29,43.38,56.72,231.02,4.87,17.09,133.09
196.,Sandur Manganese,/company/SANDUMA/,363.45,23.45,5855.06,0.23,9.61,-76.70,153.02,-60.55,18.42,132.97
197.,Jindal Stain.,/company/JSL/consolidated/,667.40,19.41,54960.11,0.22,691.22,38.94,9127.45,0.72,20.77,132.62
198.,PC Jeweller,/company/PCJEWELLER/consolidated/,58.90,,2744.77,0.00,-197.98,-223.92,40.06,-95.31,5.33,132.35
199.,Hind.Construct.,/company/HCC/consolidated/,32.30,31.88,5427.10,0.00,182.30,127.18,1474.47,8.61,16.59,132.04
200.,Gabriel India,/company/GABRIEL/,324.30,27.98,4649.21,0.79,42.96,47.53,813.81,14.46,21.95,131.89
,,,,,,,,,,,,
201.,BEML Ltd,/company/BEML/consolidated/,2780.30,63.43,11586.23,0.36,48.20,-27.30,1046.97,0.96,10.48,131.70
202.,Heritage Foods,/company/HERITGFOOD/consolidated/,325.80,36.02,3024.69,0.77,26.90,95.92,941.10,19.73,10.55,131.47
203.,Hind.Aeronautics,/company/HAL/,3058.90,33.30,204624.02,0.90,1253.51,8.62,6060.91,6.97,30.58,131.31
204.,Paramount Comm.,/company/PARACABLES/consolidated/,66.05,26.51,1851.96,0.00,22.03,53.84,284.25,30.34,13.78,130.94
205.,Bajaj Hindusthan,/company/BAJAJHIND/consolidated/,28.90,,3682.91,0.00,20.08,134.41,1740.63,21.65,0.91,130.28
206.,GE Power,/company/GEPIL/consolidated/,239.90,,1608.33,0.00,0.37,100.22,456.22,-14.35,-29.42,129.57
207.,Angel One,/company/ANGELONE/consolidated/,2474.20,19.74,20780.80,1.61,260.30,14.17,1059.00,41.46,43.95,129.24
208.,Bajaj Auto,/company/BAJAJ-AUTO/consolidated/,8640.20,33.07,244757.70,1.62,2032.62,38.02,12165.33,30.55,26.18,127.07
209.,HLV,/company/HLVLTD/,21.40,67.52,1407.12,0.00,9.53,209.42,55.37,21.72,2.94,126.46
210.,Solar Industries,/company/SOLARINDS/consolidated/,8607.10,96.62,77970.11,0.09,221.94,-0.61,1429.14,-21.12,34.72,125.53
211.,Welspun Living,/company/WELSPUNLIV/consolidated/,144.05,21.16,13975.15,0.07,179.05,317.13,2410.87,28.98,6.01,125.25
212.,Orissa Minerals,/company/ORISSAMINE/,5777.10,,3461.47,0.00,2.32,126.10,28.28,257.52,-1.48,125.06
213.,Sandhar Tech,/company/SANDHAR/consolidated/,481.70,29.59,2907.50,0.52,25.37,28.20,889.52,23.11,8.70,124.10
214.,New India Assura,/company/NIACL/consolidated/,223.75,39.71,36929.95,0.86,721.70,-1.92,11366.01,7.65,4.87,124.09
215.,Thangamayil Jew.,/company/THANGAMAYL/,1149.50,25.01,3152.42,0.52,28.00,103.34,895.90,20.33,16.82,123.89
,,,,,,,,,,,,
216.,Sundaram Fin.Hol,/company/SUNDARMHLD/consolidated/,178.05,10.91,3954.56,1.68,102.44,58.70,25.31,25.98,1.43,123.82
217.,Tanfac Inds.,/company/506854/,2046.45,32.81,2041.34,0.32,10.08,-37.97,87.78,-11.11,47.72,123.75
218.,DLF,/company/DLF/consolidated/,823.05,85.89,203852.41,0.49,655.71,26.60,1521.25,1.77,4.61,122.51
219.,Jayaswal Neco,/company/JAYNECOIND/,48.70,22.11,4728.76,0.00,88.76,-17.99,1556.19,-7.68,9.56,122.37
220.,Pun. & Sind Bank,/company/PSB/,56.25,41.82,38184.66,0.85,114.31,-69.37,2491.03,18.20,5.26,122.33
221.,Ganesh Housing,/company/GANESHHOUC/consolidated/,689.50,14.86,5756.06,0.35,100.56,375.91,181.43,171.40,23.05,122.20
222.,Reliance Power,/company/RPOWER/consolidated/,22.80,,8678.27,0.00,-1136.75,-420.46,1946.58,3.21,3.42,121.36
223.,Jai Corp,/company/JAICORPLTD/consolidated/,279.05,136.61,4982.26,0.18,11.94,45.51,106.89,-17.64,3.31,121.29
224.,Repco Home Fin,/company/REPCOHOME/,395.65,6.71,2473.66,0.68,99.44,23.13,387.30,18.44,9.04,120.85
225.,PCBL Ltd,/company/PCBL/consolidated/,246.90,19.24,9270.90,2.23,147.98,52.40,1656.76,21.52,16.92,120.64
,,,,,,,,,,,,
226.,Guj Inds. Power,/company/GIPCL/,161.65,12.36,2440.43,2.32,46.62,36.72,353.56,-6.09,8.06,120.53
227.,Jyothy Labs,/company/JYOTHYLAB/consolidated/,404.85,42.49,14877.17,0.74,90.92,34.87,677.50,10.58,18.11,120.27
228.,Elecon Engg.Co,/company/ELECON/consolidated/,839.10,29.45,9418.59,0.24,90.40,44.09,473.56,21.79,24.90,119.75
229.,Kirloskar Oil,/company/KIRLOSENG/consolidated/,834.40,30.86,12152.13,0.60,89.39,26.41,1390.10,13.90,13.44,119.75
230.,KIOCL,/company/KIOCL/,388.40,564.93,23619.93,0.00,39.03,215.20,549.48,90.86,-4.54,119.68
231.,Alok Industries,/company/ALOKINDS/consolidated/,27.15,,13509.90,0.00,-229.92,7.97,1253.03,-27.05,-6.86,118.95
232.,Gulf Oil Lubric.,/company/GULFOILLUB/,878.90,15.22,4334.32,2.84,80.74,28.87,817.26,4.63,23.48,118.88
233.,SPARC,/company/SPARC/,359.05,,11688.98,0.00,-99.65,-1081.77,13.86,-89.43,-106.19,118.47
234.,Rategain Travel,/company/RATEGAIN/consolidated/,731.35,66.69,8613.69,0.00,40.42,205.52,252.02,82.24,10.20,118.44
235.,Precision Camshf,/company/PRECAM/consolidated/,194.50,51.93,1853.48,0.51,24.46,-32.36,257.71,-7.26,8.30,118.29
236.,HDFC AMC,/company/HDFCAMC/,3666.15,43.94,78251.80,1.31,489.72,32.57,671.32,19.97,32.31,118.21
237.,Oil India,/company/OIL/consolidated/,545.70,8.50,59192.28,3.67,2607.66,2.79,9614.29,3.36,25.35,117.71
238.,Hemisphere Prop,/company/HEMIPROP/,190.60,,5446.37,0.00,-1.81,7.65,0.13,44.44,-0.30,117.70
239.,Balu Forge,/company/531112/consolidated/,197.25,25.10,2023.63,0.00,25.45,122.27,147.08,64.54,26.90,117.24
240.,Indian Hume Pipe,/company/INDIANHUME/,268.15,28.30,1414.00,0.37,15.14,19.68,318.53,-21.30,11.62,117.21
,,,,,,,,,,,,
241.,Wonderla Holiday,/company/WONDERLA/,859.55,28.53,4860.79,0.29,37.36,-4.06,123.56,9.15,22.00,117.17
242.,Dilip Buildcon,/company/DBL/consolidated/,396.80,98.02,5788.42,0.03,112.86,122.95,2876.84,23.87,5.34,117.13
243.,Bengal & Assam,/company/533095/consolidated/,7748.30,6.44,8752.73,0.32,3062.22,84.63,3777.30,-5.40,9.76,117.06
244.,Summit Securitie,/company/SUMMITSEC/consolidated/,1217.40,20.01,1328.94,0.00,14.65,245.52,17.87,522.65,0.98,117.01
245.,BF Utilities,/company/BFUTILITIE/consolidated/,698.55,19.03,2626.93,0.00,76.04,16.61,245.53,48.22,25.72,116.87
246.,Ahluwalia Contr.,/company/AHLUCONT/consolidated/,1026.50,27.76,6880.91,0.04,70.66,57.02,1026.48,38.11,24.70,115.86
247.,Indrapr.Medical,/company/INDRAMEDCO/,168.75,13.69,1542.34,1.78,29.44,40.86,306.46,10.66,34.33,115.11
248.,Varun Beverages,/company/VBL/consolidated/,1398.75,85.75,181695.32,0.09,143.76,76.55,2667.69,20.48,28.82,114.70
249.,Adani Green,/company/ADANIGREEN/consolidated/,1821.55,175.46,288508.57,0.00,256.00,136.97,2311.00,17.25,7.81,114.64
250.,Multi Comm. Exc.,/company/MCX/consolidated/,3178.55,23494.00,16210.86,0.60,-5.35,-113.79,191.53,33.41,13.16,114.56
,,,,,,,,,,,,
251.,Praveg,/company/531637/,898.45,125.08,2067.55,0.50,8.09,-29.71,32.89,16.10,56.15,114.38
252.,KFin Technolog.,/company/KFINTECH/consolidated/,584.70,43.80,10012.04,0.00,66.83,25.20,218.72,16.26,29.34,114.29
253.,Zensar Tech.,/company/ZENSARTECH/consolidated/,578.30,21.43,13094.48,0.86,161.70,111.37,1204.10,0.54,14.51,114.19
254.,Graphite India,/company/GRAPHITE/consolidated/,593.30,248.50,11609.72,1.43,17.00,-70.76,690.00,-1.57,7.20,113.99
255.,Dredging Corpn.,/company/DREDGECORP/,645.50,39.11,1788.68,0.00,27.23,96.75,265.42,-28.52,2.51,113.56
256.,Navkar Corporat.,/company/NAVKARCORP/,100.55,302.12,1510.60,0.00,-14.80,-127.59,116.84,17.56,3.00,113.48
257.,Va Tech Wabag,/company/WABAG/consolidated/,691.50,14.21,4300.47,0.00,62.60,4.61,704.40,8.11,19.53,113.26
258.,Dec.Gold Mines,/company/512068/consolidated/,103.30,,1521.27,0.00,-9.46,-1026.19,0.31,,-2.37,112.68
259.,IRB Infra.Devl.,/company/IRB/consolidated/,54.10,59.74,32682.85,0.37,187.42,32.58,1968.54,30.01,8.67,112.57
260.,Suven Life Scie.,/company/SUVEN/consolidated/,101.75,,2223.20,0.00,-41.76,18.31,2.45,-18.33,-52.70,111.76
261.,Aditya Vision,/company/540205/,3124.95,52.71,4005.84,0.24,22.17,13.58,413.26,30.02,25.24,111.25
262.,IIFL Securities,/company/IIFLSEC/consolidated/,110.35,8.11,3392.49,2.72,150.51,132.39,558.78,63.38,22.88,111.20
263.,BLS Internat.,/company/BLS/consolidated/,325.50,47.18,13396.20,0.23,87.19,24.72,437.88,0.00,31.60,110.95
264.,RPG LifeScience.,/company/RPGLIFE/,1501.75,29.41,2493.26,0.80,26.46,38.46,153.70,17.69,33.18,109.68
265.,Xchanging Sol.,/company/XCHANGING/consolidated/,119.70,108.20,1335.14,25.06,-3.54,-151.16,42.48,2.71,9.23,109.08
,,,,,,,,,,,,
266.,Aurobindo Pharma,/company/AUROPHARMA/consolidated/,990.40,20.70,58039.91,0.45,939.97,90.69,7351.78,14.74,9.20,108.81
267.,NCC,/company/NCC/consolidated/,213.90,19.97,13414.62,1.03,230.96,39.92,5260.08,34.54,18.69,108.68
268.,Sharda Motor,/company/SHARDAMOTR/,1198.05,13.19,3558.60,1.44,75.08,62.93,689.12,0.45,37.88,108.65
269.,Cyient,/company/CYIENT/consolidated/,1975.05,30.57,21900.45,1.32,153.20,12.05,1821.40,12.56,19.79,107.69
270.,Shyam Metalics,/company/SHYAMMETL/consolidated/,574.00,14.96,15982.16,0.31,125.80,94.23,3315.29,13.47,15.01,107.30
271.,Vesuvius India,/company/VESUVIUS/,3293.35,31.40,6687.12,0.25,57.07,106.48,416.79,19.64,25.93,107.29
272.,Century Textiles,/company/CENTURYTEX/consolidated/,1400.15,115.73,15660.10,0.36,79.95,1080.95,1271.94,8.84,6.32,107.14
273.,Glenmark Pharma.,/company/GLENMARK/consolidated/,920.65,209.95,25994.87,0.27,-330.81,-338.60,2506.70,-19.14,14.20,106.96
274.,KEI Industries,/company/KEI/,3301.55,54.18,29818.01,0.11,150.67,17.15,2061.72,15.55,25.82,106.82
275.,Bharat Bijlee,/company/BBL/,5030.85,25.95,2849.04,0.80,29.69,28.58,423.74,9.20,8.85,106.77
,,,,,,,,,,,,
276.,Edelweiss.Fin.,/company/EDELWEISS/consolidated/,65.35,15.36,6159.30,2.30,152.28,23.53,2397.86,11.59,9.86,106.74
277.,TVS Holdings,/company/TVSHLTD/consolidated/,8203.15,20.82,16587.41,0.72,532.28,89.56,9996.37,17.95,11.93,106.41
278.,Ashoka Buildcon,/company/ASHOKA/consolidated/,154.10,12.76,4328.70,0.00,109.82,-21.16,2657.12,35.86,38.64,105.47
279.,Ujjivan Fin.Ser.,/company/UJJIVAN/consolidated/,506.80,7.52,6175.67,0.99,281.49,-5.67,1575.67,37.70,10.29,105.43
280.,MMTC,/company/MMTC/consolidated/,63.60,100.49,9542.89,0.00,55.71,-41.83,0.73,-99.90,23.01,105.16
281.,Power Mech Proj.,/company/POWERMECH/consolidated/,4523.95,30.08,7170.31,0.04,62.05,21.56,1107.50,21.82,22.18,104.95
282.,UCO Bank,/company/UCOBANK/,49.70,34.79,59456.36,0.00,502.83,-22.99,5551.89,19.99,4.75,104.53
283.,Kalyani Invest.,/company/KICL/consolidated/,3552.35,30.90,1556.63,0.00,6.08,-61.35,4.36,-65.31,1.38,104.41
284.,NHPC Ltd,/company/NHPC/consolidated/,82.45,22.26,82781.18,2.24,628.44,-26.76,2055.50,-20.41,8.49,103.83
285.,Zydus Lifesci.,/company/ZYDUSLIFE/consolidated/,969.85,30.04,98238.00,0.62,789.90,23.34,4505.20,5.83,14.96,103.66
286.,Chalet Hotels,/company/CHALET/consolidated/,743.50,62.91,15210.01,0.00,70.64,20.79,373.67,28.96,9.22,103.61
287.,Phoenix Mills,/company/PHOENIXLTD/consolidated/,2633.80,47.53,47075.54,0.19,344.86,58.39,986.09,44.20,9.94,103.43
288.,S H Kelkar & Co.,/company/SHK/consolidated/,182.95,27.03,2537.14,1.09,32.13,147.73,496.00,28.86,8.04,103.39
289.,Nucleus Soft.,/company/NUCLEUS/consolidated/,1171.20,15.13,3133.43,0.85,41.31,7.75,204.13,20.55,27.11,102.88
290.,Nippon Life Ind.,/company/NAM-INDIA/consolidated/,434.75,28.42,27349.47,2.65,284.27,38.56,423.32,19.65,26.64,102.54
,,,,,,,,,,,,
291.,B.L.Kashyap,/company/BLKASHYAP/consolidated/,61.35,47.78,1385.68,0.00,6.91,-77.07,324.00,28.18,13.77,102.14
292.,Caplin Point Lab,/company/CAPLIPOINT/consolidated/,1276.05,22.08,9641.76,0.35,119.82,20.34,435.50,17.05,26.32,102.07
293.,EFC (I),/company/512008/consolidated/,322.80,43.24,1606.79,0.00,21.12,405.50,172.08,553.80,10.93,101.75
294.,Nava,/company/NAVA/consolidated/,470.80,7.50,6829.22,1.27,465.03,3.92,929.95,5.67,16.83,101.63
295.,PTC India,/company/PTC/consolidated/,179.35,10.47,5308.94,4.35,97.04,-13.52,3471.65,10.60,9.21,101.40
296.,NRB Bearings,/company/NRBBEARING/consolidated/,260.90,23.37,2537.76,1.95,166.12,-2.79,258.41,2.92,16.57,101.31
297.,Gokaldas Exports,/company/GOKEX/consolidated/,735.80,33.36,4465.71,0.14,30.42,-25.04,551.57,6.30,21.42,101.26
298.,AXISCADES Tech.,/company/AXISCADES/consolidated/,563.25,59.01,2361.46,0.00,7.54,-31.71,232.23,7.67,22.85,100.95
299.,AGI Greenpac,/company/AGI/,729.70,16.69,4716.53,0.69,67.12,26.09,622.26,9.69,14.76,100.72
300.,Pricol Ltd,/company/PRICOLLTD/consolidated/,353.95,33.46,4313.39,0.00,34.02,27.13,572.59,20.78,20.06,100.54
,,,,,,,,,,,,
301.,Bharat Electron,/company/BEL/consolidated/,185.40,37.98,135558.99,0.97,860.26,40.22,4162.16,0.22,29.92,100.11
